age,gender,bmi,children,smoker,region,expenses
19,male,36.4,2,no,northwest,2798.15
53,female,42.2,1,no,northeast,6340.06
25,female,21.3,2,no,southeast,7861.54
27,male,33.2,1,no,southeast,6884.88
39,female,21.4,1,no,northeast,10484.44
61,female,29.1,0,yes,southeast,21711.1
38,female,30.6,1,no,northwest,10838.77
58,female,28.2,0,no,southwest,12303.8
50,female,28.9,0,no,northwest,12318.94
51,male,22.6,1,no,northeast,11406.87
36,female,38.2,0,no,northwest,2913.74
41,male,27.6,0,no,northwest,7962.97
60,male,25.5,0,yes,southeast,29801.6
60,female,29.3,0,yes,southwest,17758.59
26,male,37.4,2,no,northwest,10059.07
62,female,31.9,0,no,southeast,15886.8
39,male,46.4,3,yes,southeast,25379.52
24,male,30.0,0,no,southwest,10676.74
28,female,25.5,0,yes,southeast,17513.87
57,female,27.7,0,no,northeast,11005.76
42,male,33.9,0,no,southeast,2404.48
41,female,37.7,1,no,southeast,7691.75
60,male,28.7,3,no,northeast,24646.78
61,female,27.1,3,no,northeast,12219.3
61,male,37.3,3,no,northwest,40322.41
57,female,40.2,3,no,northeast,11555.59
52,female,24.5,3,no,northeast,10089.67
51,male,35.3,0,no,northeast,2018.95
59,female,37.7,1,yes,southeast,51781.08
21,female,20.6,0,no,southwest,3344.94
45,male,39.7,2,no,southeast,12889.29
55,male,24.3,0,no,southwest,6304.84
63,female,31.3,0,no,northeast,14010.83
38,female,31.0,0,no,northeast,15632.29
47,female,28.6,0,no,northwest,5861.27
52,female,36.8,3,no,northeast,6787.85
51,female,32.2,2,no,southeast,10006.99
34,male,31.3,0,no,southeast,1896.78
50,female,32.1,1,no,southwest,13920.34
19,male,32.2,0,no,northwest,1148.61
33,female,32.1,1,no,southeast,3432.16
48,male,29.9,1,no,southwest,8082.13
46,male,33.4,1,no,northwest,8156.24
35,female,36.5,3,no,northeast,10794.1
63,male,36.1,2,yes,southeast,29356.59
23,male,26.0,1,no,southeast,1715.16
49,male,29.3,0,no,northwest,11228.4
51,female,27.3,1,no,southwest,2855.78
36,female,29.1,1,no,southeast,2070.72
43,female,38.1,3,yes,southeast,33233.77
18,male,33.6,2,no,southeast,1140.99
32,male,32.1,2,no,southeast,5367.58
47,female,21.9,1,no,southeast,6391.11
50,female,35.0,1,no,northeast,26926.94
50,male,24.0,0,yes,northwest,17654.62
19,female,20.6,1,no,northwest,4434.76
62,male,34.1,1,yes,southeast,7811.34
27,male,39.7,2,no,southeast,6626.75
58,male,37.7,0,no,southwest,11317.8
24,female,25.0,3,yes,northeast,24068.05
29,male,33.8,3,no,northeast,13940.79
56,female,29.3,0,yes,northeast,20049.11
41,male,36.4,1,no,northwest,19007.91
39,female,17.4,0,yes,southeast,39199.98
51,male,38.1,1,no,southeast,2696.83
51,male,37.4,1,no,southeast,8109.93
56,male,23.2,0,no,northeast,4885.37
32,male,33.3,2,no,northwest,12367.55
52,female,30.1,3,no,southeast,12078.37
29,female,37.0,1,yes,southeast,47639.2
33,female,25.2,3,no,northeast,5888.79
33,female,42.4,2,no,northeast,10080.77
48,female,27.4,5,no,southwest,6266.44
18,female,28.6,0,no,northwest,3090.95
57,male,39.8,1,no,northwest,6385.32
24,male,17.5,1,no,northeast,8089.83
33,female,27.4,1,no,northeast,5031.5
20,male,25.5,0,no,southwest,2276.69
42,female,39.9,0,no,northeast,35241.27
32,female,32.2,1,no,northeast,12053.33
38,male,31.4,0,yes,southeast,34601.1
26,male,17.3,1,no,northwest,4085.65
38,female,34.2,2,no,southeast,21390.14
47,male,30.0,3,no,northwest,26074.55
34,male,25.4,0,no,northwest,13864.34
49,male,47.6,2,no,southwest,9377.29
23,male,39.8,1,yes,southwest,37811.47
18,male,31.6,1,no,southwest,1173.32
46,female,35.3,0,no,northwest,9822.05
51,female,36.4,2,no,southwest,9500.09
30,female,26.9,0,no,northwest,2064.67
19,male,22.1,0,no,northwest,1622.97
48,male,36.0,0,no,northwest,40393.51
42,female,29.3,1,no,northeast,7145.6
45,male,32.8,3,no,northwest,49303.75
19,female,20.9,0,no,northeast,1743.94
36,female,24.7,0,no,northeast,21603.32
62,female,39.7,0,no,southwest,13919.59
29,female,34.1,0,yes,southeast,44378.2
24,female,30.0,0,no,southwest,35210.68
45,male,37.8,1,yes,southeast,41791.87
56,female,29.8,0,no,southwest,11752.09
37,male,21.6,1,no,southeast,9511.64
40,male,39.0,1,yes,northwest,6873.17
32,female,38.0,0,no,southwest,15167.75
30,male,24.1,1,no,northeast,4139.76
18,male,29.3,0,no,northwest,2759.51
54,male,36.9,1,no,northwest,2794.68
59,female,30.9,1,no,northeast,48232.37
42,male,39.1,2,no,southeast,6946.46
35,male,30.2,2,no,southwest,9405.92
29,male,28.7,0,yes,northwest,12976.79
59,female,30.1,3,no,southwest,9465.54
26,female,23.4,5,no,southeast,6851.38
23,female,30.2,0,no,southeast,1616.14
53,female,20.4,2,no,northeast,8208.87
51,male,23.8,1,no,southeast,10888.81
59,male,47.1,0,yes,southeast,42065.78
55,female,23.2,0,no,northwest,14361.38
20,male,38.4,0,no,southeast,2372.95
53,female,25.0,0,no,southeast,1679.39
63,female,33.1,0,no,southwest,14274.19
49,female,24.6,1,no,southeast,7297.93
48,male,42.9,0,no,southeast,48007.4
26,male,34.5,0,no,northwest,2022.97
48,male,32.2,2,no,northwest,26929.13
26,male,31.8,1,no,northeast,11073.71
21,female,35.8,0,no,northwest,3122.35
29,female,25.0,1,no,southwest,5123.19
23,female,27.5,1,no,northeast,8664.34
30,female,24.1,0,no,southwest,4204.01
47,male,21.6,0,no,northwest,14278.13
37,male,17.5,2,no,southeast,6575.54
34,male,30.0,1,no,northwest,2310.37
45,female,33.1,3,no,northwest,14042.89
19,female,30.9,2,no,northeast,4643.66
27,female,23.7,0,no,southwest,3133.76
62,female,32.9,2,no,southwest,11435.32
28,female,46.9,0,yes,southeast,38564.19
60,female,22.9,0,no,northeast,12392.55
63,female,21.2,0,yes,northwest,29540.67
55,female,26.4,2,no,northwest,10573.93
30,female,37.3,3,no,southeast,5297.83
64,female,31.8,1,yes,northeast,15984.6
52,male,42.0,0,no,northwest,11879.62
48,female,47.7,1,no,northeast,6220.17
43,female,27.1,0,yes,northeast,17962.3
63,female,42.1,1,no,northeast,13089.37
51,female,39.6,2,no,northeast,3552.88
41,female,34.3,3,no,northeast,10915.43
30,male,33.7,0,no,northeast,1147.57
28,male,28.9,3,no,southeast,13505.83
18,female,35.3,1,no,southeast,2250.94
22,male,36.2,0,no,southeast,12485.99
58,male,39.9,1,no,southeast,11829.06
38,female,33.1,0,yes,southeast,17787.4
24,male,30.9,0,no,southeast,1637.14
20,male,32.1,0,no,southwest,1947.31
26,female,30.2,3,no,northeast,10073.71
24,male,32.6,0,yes,southeast,37139.05
40,female,25.9,3,no,northeast,7194.5
22,female,33.5,0,no,northwest,12624.71
32,female,31.8,3,no,southeast,12501.9
39,male,22.4,2,no,northwest,29133.36
33,female,22.8,0,no,northeast,6348.15
41,male,34.6,3,no,southeast,10593.95
56,male,40.2,1,no,northeast,4058.93
29,female,28.9,0,yes,northeast,16389.17
58,male,33.0,0,no,northeast,11315.1
31,male,41.4,1,no,northeast,4012.16
23,male,27.7,0,yes,northeast,17897.87
42,female,35.0,0,yes,northeast,45259.91
45,female,32.1,0,no,southwest,10144.09
55,female,30.7,0,no,southwest,1578.44
19,male,30.3,0,yes,northwest,33571.3
26,male,47.3,0,no,southwest,6450.23
20,female,29.6,1,no,northwest,8653.19
31,male,35.9,0,no,northeast,13098.34
55,male,38.3,1,no,northeast,8644.21
64,female,26.9,0,yes,southwest,15593.91
56,male,29.6,1,no,southwest,2349.35
48,male,32.3,1,no,southwest,10051.97
49,female,24.3,3,no,northeast,4827.68
45,female,23.5,0,no,southwest,8568.94
52,male,37.1,0,no,southwest,7200.18
32,male,36.2,2,no,southeast,4734.7
26,male,17.4,1,no,northeast,9464.39
22,female,34.8,2,yes,southwest,36744.78
40,female,35.7,1,no,southwest,1978.01
64,female,35.8,0,yes,southeast,44581.29
30,male,33.3,1,no,northwest,6647.54
53,male,32.1,1,no,southwest,6081.2
22,male,25.8,3,no,northwest,2834.11
32,male,30.3,0,no,northwest,12451.66
31,female,26.8,2,no,northeast,9454.11
22,male,35.0,0,yes,northwest,36832.81
56,male,30.1,0,no,southwest,5374.5
44,female,28.1,2,no,northeast,8279.79
48,female,29.8,2,no,northeast,6986.33
43,female,26.4,2,no,northwest,8654.62
28,male,28.3,0,no,northwest,13698.2
40,male,29.7,1,no,southwest,7158.53
51,male,31.4,1,no,northwest,13331.32
25,male,38.6,2,no,southeast,3517.39
19,male,29.6,0,no,northeast,2846.34
20,male,29.8,0,no,northwest,8647.05
51,female,29.9,3,no,southeast,18787.31
50,female,29.9,0,no,southeast,21866.19
64,female,23.4,1,no,southwest,7708.26
24,female,32.1,0,yes,northeast,5821.94
42,female,32.5,2,no,northeast,3349.01
18,male,33.3,0,no,northeast,1705.26
35,female,34.8,1,no,southwest,3515.95
32,female,20.9,3,yes,southwest,17373.59
19,male,23.0,0,no,southeast,1676.53
51,male,35.0,3,no,southeast,5751.58
28,male,27.0,0,no,northwest,3558.49
38,female,28.4,1,no,northwest,7198.81
45,male,47.7,0,no,southeast,12139.23
37,male,27.8,1,yes,northeast,20097.37
61,male,20.5,0,yes,northwest,20106.1
44,male,34.0,2,yes,southeast,43950.87
24,female,40.7,3,yes,southeast,33424.11
46,female,39.4,2,no,northeast,9359.16
29,female,17.7,1,no,southeast,9760.25
30,male,22.2,0,yes,northeast,17766.53
22,male,33.5,0,no,northeast,4445.94
45,female,39.9,0,no,southeast,13840.95
36,male,34.3,2,no,northwest,4002.75
63,male,37.9,2,yes,northwest,44618.18
49,male,28.7,5,no,northeast,12072.09
32,female,34.2,2,no,southeast,4597.78
39,female,34.2,4,no,southeast,14732.58
63,male,29.8,0,yes,southeast,20029.0
50,female,25.7,2,no,northeast,9153.69
36,male,27.6,0,no,northeast,8630.77
34,female,35.2,0,no,southwest,14059.69
50,female,33.2,4,no,southwest,10106.55
20,male,22.0,2,no,northeast,8469.32
51,male,36.3,2,no,southeast,6333.27
19,female,28.2,0,no,southeast,1610.93
52,male,42.4,0,no,southeast,4039.6
62,male,30.4,3,no,northwest,7439.83
30,male,29.8,1,no,southeast,6975.61
33,female,41.8,2,no,northwest,5818.19
44,female,42.7,2,yes,southwest,37102.7
60,male,22.8,0,yes,southeast,24009.21
18,female,17.4,0,no,northeast,12456.87
32,male,29.9,1,no,southeast,18107.8
46,male,37.4,0,no,northeast,14779.14
37,male,27.3,1,no,southeast,6652.93
26,female,29.9,1,no,southeast,11976.82
30,male,27.8,0,yes,northwest,19533.04
26,male,33.3,2,no,southwest,2668.41
59,female,33.3,3,no,southeast,14182.93
38,male,27.8,0,yes,northwest,6288.82
32,male,35.6,0,no,southwest,14050.41
64,female,26.0,0,no,northwest,11309.9
38,female,28.8,3,no,northwest,6321.67
23,male,34.3,0,no,northeast,4946.82
61,female,21.0,0,no,southeast,13295.55
18,male,29.4,0,no,northeast,1612.98
45,male,24.8,2,no,northwest,4427.17
23,female,30.4,3,no,southeast,5453.96
41,male,31.5,0,no,southeast,1503.46
47,male,17.7,1,no,southwest,4749.12
57,male,23.8,1,no,northwest,4292.21
34,male,20.2,2,no,northwest,8960.91
46,male,18.3,0,no,northeast,5694.35
36,male,30.0,3,yes,northeast,35267.05
34,female,30.0,4,no,northeast,9357.72
29,female,38.2,1,yes,southeast,15843.82
58,female,38.6,3,no,northwest,16054.12
53,female,34.8,2,no,southwest,9593.94
37,male,32.0,1,yes,northwest,37164.92
51,female,31.1,0,yes,southeast,43796.36
42,female,26.7,5,no,northwest,11922.31
21,female,37.1,1,no,northwest,10117.29
57,male,41.8,0,no,northwest,4679.66
57,male,35.0,0,yes,southeast,49555.61
19,male,23.6,0,no,southwest,1738.82
35,female,27.1,0,no,southwest,3627.69
62,male,21.0,0,yes,northeast,19653.79
21,male,31.8,1,no,northeast,6504.77
34,female,32.8,0,no,northeast,9459.95
19,male,26.2,2,no,northwest,7821.77
20,male,28.3,0,yes,northeast,20041.03
30,female,24.7,3,yes,southwest,4120.89
24,male,40.6,3,no,northwest,1168.84
24,male,25.3,0,no,southwest,1913.39
29,female,38.4,2,no,northeast,12031.75
18,female,33.4,0,no,southeast,1628.46
51,male,34.1,1,no,northeast,9867.94
29,male,28.0,1,no,northeast,2369.21
55,female,22.8,0,no,southwest,2370.25
47,male,23.5,0,no,southeast,2275.79
18,female,31.2,0,no,southwest,1620.11
20,female,31.2,1,no,northeast,32946.36
42,female,30.8,3,no,southwest,10822.87
62,male,25.2,1,no,southeast,7335.06
30,male,23.8,1,no,northeast,3442.73
47,female,35.1,0,no,northwest,5327.06
51,male,23.4,1,yes,southwest,34534.91
36,male,33.8,0,no,southwest,11978.39
41,male,27.6,1,no,southwest,6281.0
62,female,33.6,5,no,southwest,13956.99
27,female,31.2,2,yes,northwest,43592.61
59,male,29.8,1,no,northeast,6144.41
59,male,19.8,2,no,northwest,6441.71
45,male,34.1,1,yes,southeast,41731.37
21,female,27.1,3,no,southwest,26992.41
25,male,33.3,1,no,southwest,6370.96
38,male,24.6,2,no,southwest,5925.62
59,male,35.0,3,no,southwest,37967.58
55,female,38.2,0,no,southeast,14233.49
34,male,38.3,0,yes,southeast,48412.95
37,male,40.6,1,no,southeast,37902.82
44,female,27.5,1,no,northwest,6561.59
42,female,32.4,1,yes,southwest,37846.05
34,male,46.7,3,no,northwest,28642.68
25,female,29.3,0,no,southeast,17717.01
25,female,27.4,3,no,northeast,3304.29
39,male,17.3,0,no,southeast,1904.71
53,female,37.0,3,no,southwest,6518.56
38,male,22.8,3,yes,southwest,6901.37
45,female,33.5,2,no,northwest,12167.08
42,male,20.6,3,yes,northwest,21236.67
37,male,35.5,3,yes,northeast,51446.82
50,female,29.0,0,no,southwest,14428.24
50,female,40.8,0,no,southwest,5256.28
25,female,38.3,0,no,northwest,18076.26
43,female,28.9,0,no,northeast,7373.69
18,female,17.5,0,no,northwest,1610.76
36,male,29.9,0,no,southeast,5977.56
51,male,18.9,0,no,northwest,8977.6
62,male,24.4,0,no,southwest,3395.09
34,female,33.1,1,yes,southeast,17343.92
29,female,27.9,0,yes,northeast,52112.28
34,female,33.8,2,no,northwest,13876.79
18,male,37.4,0,no,southwest,1659.42
23,female,28.5,3,no,northeast,8238.27
59,male,24.1,0,yes,northeast,23796.84
54,female,42.6,3,yes,southeast,17308.21
25,female,33.4,2,no,northwest,13306.18
63,female,43.4,0,no,northeast,11947.96
19,male,30.9,3,no,northeast,4079.1
41,male,34.1,1,no,southeast,6297.81
29,female,20.7,0,no,northeast,11751.98
54,female,30.5,2,no,southwest,11145.56
26,male,33.7,1,no,southwest,3388.7
24,female,33.0,0,no,northwest,10179.91
35,female,21.1,0,no,northwest,2958.48
23,female,41.9,4,yes,northeast,38231.23
52,female,30.4,0,no,northeast,7689.72
44,female,36.3,1,no,southwest,3527.92
51,male,26.7,1,no,northwest,7981.86
55,female,30.0,0,no,northwest,1314.7
30,female,36.4,1,no,southeast,2736.57
48,female,27.7,3,no,northeast,7206.45
32,male,33.8,0,yes,southeast,42982.46
41,female,22.8,1,no,northeast,6859.38
57,female,37.3,2,yes,northwest,41278.12
30,female,31.5,3,no,northeast,3891.49
52,female,17.4,3,no,southeast,6157.06
30,male,25.2,2,no,southeast,13111.26
46,male,39.1,3,yes,southeast,40076.66
38,male,30.0,1,no,southeast,4753.61
60,female,28.8,0,no,northeast,13122.68
32,male,40.5,2,yes,southeast,39448.71
59,male,29.7,1,no,northwest,8578.48
43,female,28.4,2,no,northwest,4573.3
59,male,37.7,3,no,southeast,7818.4
45,female,37.2,1,no,southeast,14709.7
36,female,27.6,1,yes,southwest,44288.58
59,female,29.2,0,no,southwest,12270.72
19,female,25.2,0,no,southwest,1229.79
59,female,21.8,0,no,northwest,11766.93
60,male,22.0,0,yes,northeast,19322.04
34,male,31.1,0,no,northeast,5054.53
58,male,30.8,0,no,southwest,3064.24
43,female,23.8,0,no,northwest,4306.79
21,male,17.4,2,no,northwest,6883.43
26,female,32.9,1,no,northwest,12562.51
30,female,17.3,3,no,northeast,4043.22
22,female,39.4,1,no,southeast,2208.15
58,male,25.8,0,no,southeast,11314.25
54,female,29.6,0,no,southwest,10654.64
25,female,22.9,2,yes,northeast,24015.92
49,male,38.6,1,no,southwest,13211.21
55,male,33.2,2,no,southeast,37311.35
60,female,29.0,3,yes,southeast,17385.65
54,female,25.1,0,no,northeast,11271.11
56,male,37.1,1,no,northwest,4999.05
43,female,26.4,0,no,northwest,3142.87
50,male,30.2,0,no,northwest,12404.25
27,male,28.8,0,no,northwest,3379.37
54,female,26.9,0,no,southwest,7299.67
42,female,47.6,0,yes,northwest,30823.59
51,female,29.0,1,no,northeast,7759.6
64,male,27.4,0,yes,southwest,46404.91
40,male,21.8,1,yes,northeast,2505.1
35,male,31.7,2,no,southwest,19470.63
22,male,19.1,0,no,northwest,6802.39
41,female,38.8,1,yes,southeast,37968.46
18,male,38.4,2,no,southeast,5825.73
22,male,40.4,2,yes,southeast,43281.1
19,male,32.5,2,no,northwest,11411.29
60,female,31.2,1,no,southeast,2784.68
42,male,40.6,2,yes,northeast,41231.35
36,female,40.2,4,no,northeast,3105.32
20,male,22.4,2,no,northwest,4546.98
19,female,17.3,1,no,northeast,1647.55
63,female,28.0,0,no,northeast,14323.74
60,male,35.7,3,no,southwest,8785.29
54,female,29.8,1,no,southwest,10814.49
53,female,22.7,0,no,southwest,2872.55
18,female,23.1,0,yes,southeast,34526.64
20,female,24.7,3,no,southeast,2654.25
55,male,20.7,4,no,northeast,8276.67
28,male,29.8,0,no,southeast,12247.33
23,male,28.3,4,no,northeast,6576.23
59,female,29.9,1,no,northwest,21248.6
64,male,34.2,0,no,northeast,1190.57
34,male,38.1,0,yes,southeast,36661.58
30,female,30.2,1,yes,northeast,38972.58
55,female,22.1,0,no,southeast,3173.37
57,male,29.5,1,no,northeast,11336.2
26,female,30.8,2,no,northwest,28114.63
60,male,40.5,0,yes,northeast,19918.79
49,female,20.1,2,no,southwest,7184.48
19,male,28.6,0,no,southeast,1705.52
22,male,34.1,0,no,southeast,1181.24
46,male,41.4,2,no,southeast,5603.48
38,male,28.0,2,yes,northeast,7193.11
31,female,28.7,1,no,northwest,4887.05
26,male,28.5,0,yes,northeast,34969.4
55,male,27.6,1,no,southwest,12886.75
47,female,37.2,2,no,northeast,7221.34
22,female,40.6,1,no,northeast,4533.19
19,female,23.7,3,no,northwest,2044.69
18,female,24.0,0,yes,northwest,19524.63
19,female,32.5,0,no,northwest,2028.59
30,male,34.4,1,no,southeast,18145.29
30,male,29.6,1,no,southwest,11095.17
43,female,26.8,0,no,southwest,11889.17
46,male,37.7,2,no,southeast,7163.33
35,male,21.4,4,no,southwest,10512.75
59,female,28.4,2,yes,southeast,25507.35
43,female,24.5,2,no,northeast,11898.77
32,female,31.6,2,no,northeast,11646.44
51,female,24.9,0,yes,northeast,15893.0
30,female,29.2,1,no,southwest,38781.18
32,female,32.4,2,no,northeast,4619.74
62,female,22.7,0,no,northwest,5207.1
55,female,47.3,2,no,northeast,6367.41
37,male,33.7,2,yes,southwest,41962.75
58,male,23.5,0,no,northwest,14133.09
25,female,29.2,0,no,southwest,2103.81
35,male,27.4,1,no,northwest,8689.73
18,male,37.2,2,no,southeast,2520.54
62,female,46.6,0,no,northwest,25402.55
27,female,21.5,0,no,northwest,13992.68
44,female,38.1,0,no,southwest,46529.98
19,male,23.2,0,no,northeast,1619.89
37,male,31.5,2,no,northwest,2597.14
62,female,36.2,0,yes,northeast,32088.19
57,female,24.7,0,yes,northwest,14368.33
21,female,34.1,0,yes,northwest,47735.22
20,male,33.8,1,no,southeast,1954.13
45,male,33.3,2,no,southeast,8476.44
63,male,29.8,2,no,southwest,6489.0
59,male,31.4,4,no,southeast,11766.26
37,female,34.3,2,no,southeast,7186.13
55,female,37.1,1,no,southwest,1397.72
19,male,25.6,0,yes,southeast,17746.82
64,female,22.9,0,no,southwest,5597.73
46,female,46.6,2,no,northwest,9857.24
35,female,34.8,0,yes,southwest,40553.75
60,male,33.5,2,no,northwest,12904.8
32,female,29.4,0,no,southwest,11583.91
40,female,24.3,0,no,southwest,2035.23
19,male,31.2,1,no,southwest,1766.28
19,female,20.9,0,no,northwest,1617.55
18,male,35.2,0,yes,southwest,35717.16
34,female,34.7,0,yes,southeast,43355.02
28,male,30.5,0,no,northwest,39798.18
62,female,28.9,0,yes,northeast,27938.13
34,male,41.4,0,yes,southwest,15006.67
40,male,26.6,1,no,northeast,5936.54
37,male,28.9,2,yes,southeast,19946.01
24,female,26.5,0,no,northwest,14391.33
44,male,25.9,3,yes,southwest,44954.47
47,male,29.5,0,no,northwest,13565.81
52,male,27.0,1,no,northeast,6991.24
61,male,35.5,1,no,northwest,12891.52
34,female,34.3,2,no,northwest,8950.69
25,male,37.8,0,yes,northwest,32171.96
23,male,29.2,0,no,northwest,2112.26
24,female,27.4,0,no,southwest,2056.1
38,male,40.2,2,no,northeast,19094.72
64,female,34.6,0,no,northwest,15304.07
61,female,40.7,0,no,northeast,11743.81
52,male,26.7,2,yes,southeast,21200.65
45,male,27.7,0,yes,southeast,16428.02
44,male,28.6,0,no,southwest,8603.33
19,female,20.1,1,no,southeast,6581.76
40,male,21.9,1,yes,northwest,17320.24
63,male,35.2,1,no,northeast,6398.31
59,male,17.4,0,no,southeast,4978.96
25,female,42.7,0,yes,northeast,17797.6
39,female,36.8,1,no,southeast,10048.09
38,male,31.7,3,yes,northwest,40312.06
62,male,37.3,0,yes,northeast,33772.68
22,male,29.6,3,no,southeast,9525.02
50,male,46.0,4,no,southeast,13112.38
51,female,28.0,2,yes,northwest,23579.87
48,female,29.9,2,no,northwest,8278.41
55,female,32.1,2,no,northeast,7947.3
37,female,36.6,2,no,southwest,6310.4
25,male,30.6,2,yes,southeast,37940.33
55,male,45.3,0,yes,southeast,28398.17
52,female,32.1,1,no,southeast,49730.53
50,female,24.9,0,no,northeast,2193.76
27,male,38.2,0,no,southeast,11374.44
26,male,39.5,0,no,southwest,1449.57
40,female,33.9,1,no,southeast,24648.71
62,male,28.2,2,yes,northwest,19194.19
32,male,29.5,1,no,southwest,11831.07
24,female,37.3,3,yes,northeast,40033.39
61,male,34.0,0,no,northeast,2138.11
46,male,38.8,1,no,southeast,14917.21
48,female,31.4,1,no,northwest,9919.74
40,male,30.8,0,no,southeast,34281.17
41,male,18.2,0,no,southwest,5897.3
34,female,20.4,0,yes,northwest,22281.76
42,male,38.8,0,yes,southeast,18216.75
23,male,27.6,1,yes,southwest,19581.84
50,female,33.2,2,no,southwest,8903.34
41,male,20.1,1,no,northwest,6574.42
59,male,41.4,2,no,southeast,5666.77
48,male,31.4,2,yes,northeast,46902.63
44,female,28.9,4,no,northwest,12914.21
30,male,37.1,1,no,northeast,4011.4
37,male,23.3,5,no,northwest,7151.88
46,female,23.3,0,no,southeast,3847.44
49,male,22.6,1,no,northeast,21736.8
41,male,36.1,1,no,northeast,4246.38
50,male,35.6,3,yes,northeast,40746.92
58,female,25.5,2,no,southeast,11770.79
46,female,37.4,2,no,northeast,9372.19
61,male,37.9,0,yes,northwest,45721.08
55,male,30.1,1,no,southeast,5475.2
50,male,20.2,3,yes,southeast,21098.17
33,male,20.3,3,yes,southwest,22009.33
22,male,37.4,0,no,southeast,18611.8
44,male,20.7,1,no,southeast,8393.66
47,male,41.3,2,no,southeast,5151.25
18,female,24.4,1,no,northeast,6678.09
34,male,33.3,0,no,northwest,12308.09
26,male,33.9,2,yes,northeast,48163.83
60,female,26.2,0,no,northwest,11021.62
51,female,40.2,0,no,southwest,2127.37
44,male,42.0,3,yes,southeast,38771.48
35,female,31.0,1,yes,southwest,47646.93
58,male,35.0,0,no,southwest,12279.79
50,female,40.2,0,no,northeast,11045.68
48,male,36.5,1,no,southwest,40940.83
22,female,37.8,0,no,northeast,2370.44
23,female,18.7,3,no,southeast,5729.63
20,male,35.4,2,no,northwest,1605.02
24,male,30.8,0,no,southeast,1665.58
50,female,26.8,0,no,southeast,8646.72
32,male,39.1,0,no,southwest,12930.26
59,female,21.9,3,no,northwest,8667.38
62,female,33.0,3,no,northeast,12968.09
40,male,37.1,1,no,southwest,6436.03
23,male,28.3,3,no,northeast,5979.16
58,female,28.1,1,no,southwest,5098.33
58,female,36.0,1,no,southeast,4367.15
54,female,32.6,0,no,southwest,10682.96
34,male,33.9,4,yes,southwest,15649.57
44,male,30.1,3,no,southeast,5032.21
33,female,34.6,0,no,northwest,18786.46
64,male,30.9,0,no,southeast,42085.41
35,male,37.0,2,no,northwest,5417.73
19,male,29.0,0,yes,northeast,17569.94
26,female,27.2,0,no,southwest,7153.73
47,male,34.1,0,yes,southwest,33360.46
41,male,30.6,0,no,northwest,14039.78
53,female,25.7,2,no,northwest,6506.97
61,female,28.7,0,no,northeast,12992.28
39,female,41.9,4,yes,southwest,18557.51
35,female,30.9,0,no,northeast,11875.1
63,female,33.7,1,no,northeast,14309.57
57,female,24.9,0,yes,northwest,17685.29
51,female,21.5,0,no,northeast,12331.52
60,female,47.7,2,no,northwest,30703.63
23,male,29.9,2,no,northwest,11201.81
29,male,39.3,1,no,southwest,5044.11
51,male,25.7,1,no,southeast,9673.98
19,male,23.6,0,no,northeast,12410.01
40,male,44.2,2,no,northwest,6372.31
33,male,34.1,0,no,southeast,7154.88
18,male,43.0,0,yes,southeast,18055.44
49,female,25.9,4,yes,northeast,33907.08
33,male,34.2,3,yes,southwest,38274.57
45,male,47.5,1,no,southeast,9287.16
53,male,40.8,0,no,southeast,10490.36
49,female,27.7,1,no,southwest,7886.91
20,male,30.4,0,no,northeast,1457.6
53,female,35.7,0,yes,northeast,34383.75
29,female,33.8,1,no,northwest,12140.74
19,male,28.9,0,yes,southwest,34068.65
48,female,26.9,0,no,northwest,6446.24
47,female,46.9,2,no,southwest,11194.38
48,male,34.6,1,no,northeast,2259.74
31,female,39.1,0,no,southeast,12374.76
64,male,38.4,2,no,southwest,26343.34
59,female,30.1,1,no,southwest,11333.51
33,male,37.1,1,yes,northwest,37679.93
41,male,34.8,3,yes,southwest,6443.53
32,male,31.2,1,yes,northeast,37980.42
39,female,28.0,5,no,southwest,5602.85
40,female,34.3,1,no,northwest,5769.56
34,female,33.9,0,no,southwest,32141.47
55,female,26.8,3,no,southwest,10832.61
30,male,33.4,1,no,southeast,4037.04
62,male,32.1,2,no,southwest,3644.64
54,female,35.0,2,no,southwest,31798.1
18,female,32.3,0,no,southwest,1220.55
61,male,40.4,0,no,southwest,14247.19
41,female,25.6,3,yes,northwest,19051.79
24,male,33.1,0,no,southeast,1185.47
64,female,35.1,2,no,northwest,8378.1
64,male,32.1,0,no,northwest,3780.72
52,male,24.8,1,yes,southeast,17803.36
37,female,32.4,1,no,northeast,7767.22
61,male,27.6,0,yes,southwest,19969.73
38,male,35.6,1,yes,southwest,37964.27
52,male,41.4,1,yes,southeast,38912.57
22,female,27.6,0,no,northeast,5254.07
18,female,33.3,0,no,southeast,2156.77
63,male,20.5,0,yes,southeast,16926.67
57,male,28.1,1,no,northeast,14372.31
43,male,36.0,2,no,southeast,3493.5
25,female,37.4,0,yes,northwest,2479.65
35,female,39.0,1,no,northeast,7831.12
63,female,17.3,0,no,southeast,3518.52
49,male,35.0,1,no,southwest,5851.17
64,female,17.4,4,no,northwest,14289.08
48,male,42.2,2,no,northwest,8955.46
37,male,27.4,3,no,northeast,6310.27
37,female,38.8,0,no,southwest,9230.18
61,female,31.1,1,yes,southeast,40321.46
55,male,23.8,2,no,southeast,38904.7
39,male,33.0,1,yes,northeast,16346.95
40,male,33.9,5,no,southeast,1960.72
18,female,26.0,0,no,northeast,11939.14
63,female,29.7,1,no,southeast,10319.72
50,male,37.9,1,no,southeast,12316.91
37,female,41.9,0,no,southeast,47397.6
29,female,31.4,0,no,southeast,1625.07
24,male,36.4,1,no,northwest,1965.32
62,female,28.1,0,yes,northeast,26890.24
46,female,26.1,0,no,southeast,3089.27
36,male,38.4,1,no,northwest,4949.06
51,male,32.8,1,no,southwest,10485.77
32,male,25.3,3,no,northwest,12287.7
40,female,30.1,2,no,southwest,4005.74
62,female,38.9,3,no,southeast,12937.32
35,male,23.8,1,yes,southeast,4806.39
27,female,31.6,0,yes,southeast,48510.4
28,female,24.6,5,no,southeast,9231.99
31,male,27.6,0,no,northeast,8694.66
50,male,34.2,0,no,northwest,14343.84
31,female,25.8,1,no,southwest,8609.99
58,male,38.2,2,no,northwest,12297.04
28,male,41.3,3,yes,northeast,18422.64
22,female,33.3,3,no,northwest,5418.63
38,female,22.7,2,no,northwest,6691.78
63,male,22.0,2,no,northwest,4435.03
24,male,34.0,0,no,southwest,1966.01
38,female,17.3,2,no,southeast,6491.12
51,male,36.4,0,no,northwest,8840.23
60,male,17.3,2,no,northeast,37937.0
59,male,23.5,2,no,northeast,6721.99
42,female,36.7,1,no,southeast,14261.12
62,female,34.5,1,no,northeast,44330.41
27,male,37.8,0,no,southwest,10676.28
34,male,31.3,1,no,northwest,13237.83
47,female,35.3,1,yes,northeast,35453.25
38,male,41.4,4,no,southeast,10511.24
19,female,23.7,0,no,northwest,2496.71
52,female,30.3,1,no,southeast,10170.99
32,female,30.1,0,no,northwest,14204.02
21,male,37.4,3,no,northwest,2614.0
59,female,33.0,1,no,northwest,12156.78
33,female,38.8,2,no,southeast,11430.05
62,male,34.0,1,no,southwest,8125.13
58,female,35.7,0,no,northwest,4181.13
46,male,30.7,2,no,southwest,3958.15
40,female,42.4,1,no,southeast,6814.79
44,male,24.4,2,yes,northeast,32366.07
45,male,29.5,1,yes,southwest,25253.72
36,male,32.9,0,no,southwest,7866.87
59,female,33.8,0,no,northwest,12331.57
23,male,36.1,3,no,southwest,10018.16
42,male,29.3,0,no,northwest,9830.23
61,female,35.9,2,no,southwest,12723.72
47,male,32.4,0,no,northeast,1930.68
62,male,37.1,0,no,southwest,12280.56
34,female,47.1,1,no,northeast,3457.37
39,male,31.3,0,yes,southeast,39343.14
26,female,26.4,0,no,northeast,6723.22
34,male,38.9,2,no,northwest,11050.8
52,female,26.3,2,no,southwest,6373.9
48,female,34.1,1,no,southeast,8165.43
22,male,36.4,3,no,northwest,2536.18
25,female,43.1,0,no,southeast,10396.07
63,male,27.8,2,yes,southeast,52246.81
44,male,33.3,1,no,northeast,7989.53
37,male,47.3,1,no,northwest,6873.36
18,male,47.2,0,no,southeast,1690.14
37,male,40.4,2,yes,northwest,39824.16
27,female,26.8,0,no,northwest,1948.48
21,male,17.3,0,no,southwest,5638.78
61,female,34.2,2,no,southwest,13090.31
32,female,27.2,3,no,northwest,2852.59
18,female,31.8,2,no,northeast,2187.4
41,male,17.5,3,no,northeast,6084.72
32,male,34.2,1,no,southwest,4044.69
39,female,28.0,0,yes,southeast,19850.07
62,female,27.2,0,yes,northeast,17829.12
40,male,39.1,1,no,southeast,8218.68
59,male,36.8,0,no,southeast,3148.4
35,male,29.8,2,no,northwest,8056.49
50,female,27.4,1,no,southwest,11742.5
63,female,21.2,0,yes,southeast,21098.37
30,female,41.8,4,no,northeast,5677.85
23,female,27.7,2,yes,southeast,26128.19
44,male,32.3,2,no,southwest,6914.41
62,male,36.9,0,no,northwest,2309.46
58,female,23.8,0,no,southwest,12603.27
49,male,23.6,1,yes,northeast,21588.96
40,female,31.2,0,no,northeast,2075.28
61,female,29.0,0,no,northeast,3368.0
57,female,38.4,0,no,southeast,12679.57
51,male,43.6,3,no,northwest,10487.73
34,male,34.1,4,no,northwest,36997.28
34,male,37.4,1,no,northeast,12362.03
61,male,28.9,3,no,southwest,4894.66
62,female,34.6,0,yes,southwest,38112.4
64,male,31.2,0,no,southwest,11347.87
39,female,26.7,3,no,northeast,4947.44
51,male,33.5,1,no,southwest,4474.6
18,male,33.7,2,no,northeast,3571.36
26,female,31.2,0,no,northwest,3876.07
20,male,31.0,0,no,southeast,3899.8
50,male,30.1,1,no,southwest,8061.0
58,female,23.0,2,no,northeast,11837.45
37,male,30.2,1,no,southeast,5247.2
54,female,34.4,2,no,northwest,43500.53
40,male,23.3,2,no,southeast,7166.39
60,female,38.6,3,no,northwest,12549.73
55,male,30.8,0,no,northwest,2114.36
47,female,27.4,1,no,southwest,12157.03
23,male,26.7,1,no,southeast,7420.81
35,female,30.8,5,no,southwest,14748.88
23,male,40.5,0,no,southwest,4446.42
55,male,36.1,1,no,northeast,8507.89
62,male,25.7,2,no,southeast,10993.96
38,male,31.8,0,yes,southeast,34764.62
39,male,24.6,0,yes,northeast,21856.7
19,female,25.6,2,no,southwest,3394.69
55,male,29.2,0,no,southwest,39627.23
23,male,37.9,2,yes,southeast,44530.32
25,female,22.9,0,no,southeast,2126.58
50,female,18.8,2,yes,northeast,50870.09
30,female,29.0,3,no,northeast,4657.06
33,male,34.1,1,no,northwest,6185.34
19,male,38.4,0,yes,southwest,34510.56
25,female,37.1,0,no,northeast,2638.25
48,female,28.6,5,yes,southeast,21869.97
50,female,32.1,1,no,southeast,9216.07
54,male,32.1,0,no,southeast,13256.56
46,female,37.0,2,no,southwest,9414.5
18,female,33.2,0,yes,southeast,43295.18
29,male,34.1,1,no,southwest,4773.32
56,female,27.3,2,no,northwest,9471.12
47,female,35.9,2,yes,southeast,46510.51
54,male,32.1,1,yes,southeast,43331.6
36,male,36.8,0,no,northwest,31426.96
23,male,37.2,4,no,southeast,8614.16
51,female,36.9,1,no,southwest,25472.95
29,male,32.9,1,no,northwest,4859.86
34,male,25.3,2,yes,northwest,29886.31
62,female,34.5,0,no,southeast,13799.1
44,female,39.1,1,no,southwest,10663.6
31,male,26.8,1,no,southwest,11735.27
48,female,23.1,0,no,southeast,8298.97
39,male,21.9,0,no,southeast,6466.37
23,female,29.9,0,yes,southeast,2526.24
21,female,33.8,0,no,southeast,10725.45
29,female,29.0,2,no,southwest,5201.68
21,male,27.3,0,no,northwest,7614.9
33,female,31.3,1,no,northwest,1737.21
31,male,30.1,0,yes,northeast,49147.64
50,female,28.1,1,no,northeast,4464.18
28,male,25.7,1,no,southwest,4268.75
24,male,23.8,1,no,northwest,2918.17
19,male,33.2,0,yes,southeast,32939.48
19,male,30.6,3,yes,southwest,34660.54
43,male,29.7,2,yes,southeast,15322.2
62,female,31.2,0,no,southwest,11802.36
46,female,17.4,1,no,southeast,8051.54
20,female,24.9,0,no,northwest,37042.29
33,male,20.4,3,yes,southeast,21648.82
38,female,32.4,2,no,northeast,6013.38
27,male,27.1,1,yes,southeast,37199.82
61,female,23.1,0,no,northwest,26229.19
18,male,29.2,0,no,southeast,1617.73
18,male,39.5,3,no,southeast,11986.77
63,female,34.8,2,no,southeast,11977.23
41,female,34.1,1,no,southwest,24632.07
31,male,35.1,0,no,southwest,14131.98
24,female,24.9,0,yes,northeast,17979.02
26,male,29.2,1,no,southeast,3376.53
19,male,28.4,0,yes,northeast,20149.01
26,female,38.7,2,no,northeast,7393.87
37,male,40.0,3,no,southeast,16319.44
32,female,42.8,3,no,southwest,5331.92
63,female,38.4,1,yes,southwest,44160.09
47,female,36.0,2,no,southeast,5550.12
24,male,34.4,0,no,southwest,1844.88
30,male,17.4,1,no,southeast,6613.29
56,female,35.9,2,no,northeast,13223.47
27,male,28.7,0,no,northeast,13581.7
18,female,33.7,2,no,northeast,35738.95
32,male,47.2,0,no,southeast,6524.75
53,female,36.4,1,no,southeast,6392.85
47,male,28.6,2,no,northwest,8441.3
39,female,37.7,2,no,northwest,5681.03
20,male,35.6,3,no,northwest,1879.33
29,male,35.1,1,yes,southeast,42492.01
46,male,33.7,5,no,southeast,5423.85
22,female,29.6,2,no,northwest,4867.22
46,male,31.4,1,no,southeast,1326.98
46,male,34.3,0,no,southeast,8720.73
54,male,21.3,0,no,southeast,14098.99
63,male,37.7,2,no,northeast,8736.72
22,male,35.1,0,yes,southeast,42311.76
33,male,27.1,1,no,northeast,4262.96
42,male,30.6,3,no,northeast,10095.38
21,female,35.4,5,no,northwest,9718.57
40,female,35.6,2,no,northeast,3965.01
62,female,39.1,2,no,northeast,5566.05
27,male,25.9,0,no,northwest,4848.48
43,male,27.0,1,no,northeast,22461.93
58,female,28.2,1,no,southeast,12161.72
63,female,33.8,4,no,southeast,11858.13
55,male,41.1,0,no,northeast,42828.05
55,male,30.1,1,no,southwest,9800.25
30,female,40.1,3,no,northeast,5393.51
29,male,35.5,0,no,southeast,3953.18
55,female,25.9,0,no,southeast,14240.09
27,female,36.8,3,no,northeast,4479.15
45,female,33.9,0,no,northeast,3949.78
36,female,29.7,0,no,southwest,4862.92
32,female,22.4,0,no,northwest,10435.72
24,female,26.6,1,no,northwest,10496.59
25,female,31.4,1,yes,southeast,33194.33
22,female,30.4,0,no,northwest,1240.0
29,male,29.3,0,no,southwest,4446.19
38,male,20.9,3,no,northwest,4235.45
48,male,27.1,1,no,southwest,8824.27
19,male,24.6,0,no,northwest,4235.56
44,male,26.8,2,no,southeast,24628.46
18,female,35.7,1,no,southeast,2216.73
40,female,25.3,1,no,northwest,6566.13
61,female,30.0,0,no,northwest,5091.07
37,male,46.5,3,no,northwest,14160.31
32,male,25.6,1,no,northwest,8602.67
23,female,27.1,0,yes,northeast,21668.75
29,female,29.3,0,yes,southeast,14839.05
44,female,28.6,0,no,northwest,2230.01
56,male,28.7,2,no,northeast,4408.86
27,male,37.7,0,yes,southeast,38072.82
57,female,28.3,0,no,southeast,11931.76
35,male,43.3,3,no,southeast,1822.04
29,male,39.1,3,no,southwest,34656.0
28,female,31.2,0,yes,southeast,44505.16
18,female,32.2,2,no,southwest,3375.17
19,male,24.6,0,no,northwest,1616.61
43,female,26.6,1,no,northwest,12411.15
19,female,28.8,3,no,southeast,1758.04
26,male,30.7,1,no,southwest,8920.41
19,female,31.4,0,no,northeast,3206.57
25,male,30.2,0,no,southwest,2328.72
38,male,35.7,1,no,southeast,8697.17
39,female,22.7,5,no,northwest,7151.95
49,male,20.0,0,no,southwest,10205.28
37,male,26.2,1,yes,northeast,26232.59
61,female,37.7,3,yes,northeast,43356.36
29,female,27.8,0,no,northwest,4153.72
42,female,28.7,0,yes,northeast,21300.5
29,male,33.1,0,no,northeast,1287.54
34,female,30.1,1,no,southwest,13983.0
19,male,33.6,0,no,northeast,1211.81
45,male,22.4,0,no,southeast,12317.69
25,female,30.0,0,no,northwest,9476.27
18,male,40.7,0,no,southeast,1209.95
58,female,29.5,0,no,southeast,14149.7
36,female,23.9,2,yes,northeast,23715.66
31,female,26.5,1,no,southeast,2918.18
28,male,32.2,0,no,southwest,10678.57
40,female,42.2,0,no,northeast,1688.24
39,female,28.0,1,no,southwest,8613.19
43,male,37.4,2,no,southeast,12030.55
46,female,26.4,3,no,northeast,8929.95
27,female,29.6,0,no,southeast,14423.27
37,female,25.1,0,no,northwest,7697.23
52,male,28.6,1,no,southeast,4479.84
46,male,39.8,1,yes,northwest,35203.33
46,male,17.5,0,yes,southeast,38416.95
54,male,23.4,3,no,southeast,3841.67
20,female,30.6,0,no,northwest,1972.74
47,female,31.8,0,yes,southeast,50630.65
48,female,28.3,2,no,northeast,7792.98
56,male,23.7,0,no,northwest,14365.81
38,female,28.8,2,no,southeast,9826.01
63,female,23.5,0,no,southeast,14436.07
54,female,30.2,0,yes,southwest,34286.39
55,female,35.9,3,yes,northwest,50847.93
48,female,17.4,2,no,southeast,25322.29
45,male,47.4,1,yes,northwest,39893.17
18,male,35.7,2,no,southeast,36281.61
46,male,43.4,0,no,southeast,2405.54
42,female,25.9,3,yes,southwest,20988.93
27,male,30.1,2,no,southwest,8384.19
27,male,25.4,1,yes,southwest,14687.01
26,male,36.7,1,no,northeast,3735.2
27,female,17.4,3,yes,northeast,50529.68
47,male,34.2,0,no,southeast,8176.46
23,female,47.5,1,no,northwest,3410.79
54,female,35.3,0,no,southeast,20699.85
55,male,36.8,1,no,northwest,9319.31
49,male,29.8,1,no,northwest,6246.05
18,female,32.8,3,no,northwest,2734.04
40,male,47.0,1,no,southeast,6096.32
22,female,29.2,2,no,southwest,12050.93
42,female,21.8,1,no,southeast,16129.02
62,male,31.6,0,no,northwest,12917.48
30,female,39.1,1,no,southwest,7201.64
42,male,44.0,3,yes,southeast,37735.71
19,male,26.8,0,no,northwest,1625.94
57,male,23.2,0,no,southwest,13981.39
47,male,27.6,1,no,northwest,4407.4
64,female,27.3,2,no,northeast,4925.66
39,female,35.6,0,no,northwest,9979.95
64,female,20.0,0,yes,northwest,14363.03
47,female,28.6,0,no,northwest,12969.55
19,female,17.4,3,no,southwest,1767.44
52,female,23.9,5,yes,southeast,30707.12
31,male,42.4,0,no,northeast,4527.21
53,female,37.3,0,no,northeast,4626.13
29,male,33.3,0,no,southwest,13895.58
43,male,25.3,2,no,northwest,6325.18
55,male,33.9,0,no,southeast,5734.26
34,male,31.8,0,no,northwest,8733.92
44,female,27.5,0,yes,southwest,7855.0
64,female,40.7,0,no,southeast,14226.12
29,male,27.4,1,no,northwest,4235.37
50,female,29.9,3,yes,northwest,14130.37
19,male,29.0,0,no,southeast,2409.97
37,female,32.8,3,yes,northeast,9578.81
45,female,24.9,3,no,southeast,8559.45
62,male,33.7,3,no,southeast,12484.22
23,male,21.4,1,no,southeast,1876.49
32,female,24.1,0,no,southwest,3899.07
46,male,36.8,0,no,southeast,1273.15
24,female,25.2,0,no,southwest,2019.46
56,male,35.2,0,no,northeast,2429.3
23,male,36.6,1,yes,northeast,24109.16
60,male,32.4,1,no,southeast,12196.13
54,male,30.2,3,no,northwest,35306.0
20,male,32.2,1,no,southwest,1863.89
40,female,39.5,1,yes,northwest,16898.83
22,female,27.1,3,yes,northeast,17979.61
50,male,36.3,3,no,southwest,1261.81
29,female,29.5,0,yes,southeast,1705.48
33,female,33.6,1,no,southeast,7594.04
46,female,42.3,2,yes,southwest,14857.18
23,male,39.7,0,no,northeast,6451.54
43,male,31.7,0,no,northeast,4172.63
56,female,28.2,0,no,southeast,7725.05
52,female,25.0,2,no,northwest,4952.08
46,female,32.3,2,yes,southeast,36276.15
43,female,36.7,0,no,southeast,3282.66
50,male,33.4,2,no,northeast,2390.86
54,female,28.3,2,no,southwest,7802.33
30,female,27.1,4,no,northeast,7329.36
27,male,29.2,1,no,northwest,6956.36
47,female,28.9,0,no,northeast,1814.25
41,female,21.4,2,no,southwest,11129.21
54,male,33.6,2,no,southwest,12555.02
19,female,33.6,0,no,northwest,12394.29
61,female,29.2,0,no,southwest,14110.95
64,female,46.8,0,no,southwest,13267.5
53,male,34.2,3,no,southwest,26868.85
30,female,29.9,0,no,northeast,8662.51
46,female,39.6,1,no,northeast,9750.03
36,male,29.9,0,no,northeast,9825.38
34,female,24.1,1,no,northeast,12425.22
53,male,23.6,1,no,northwest,9201.43
56,male,24.9,0,no,southwest,6207.4
21,female,30.2,1,no,southeast,2706.52
50,female,39.2,0,no,southwest,14444.47
45,female,36.6,2,no,northwest,8687.44
59,male,33.8,0,yes,southeast,15132.22
29,female,26.7,1,no,northwest,8937.68
23,male,46.3,0,no,northwest,7032.49
52,male,34.2,3,no,northwest,4268.77
47,male,27.4,3,no,northeast,8558.47
57,male,30.2,0,no,northwest,12221.03
36,male,17.3,1,no,southwest,5763.61
62,male,34.1,0,yes,northwest,34783.24
23,female,33.3,0,no,northwest,1954.02
45,female,31.8,1,no,southeast,12485.91
48,female,26.9,0,no,southwest,8202.47
52,female,24.5,1,yes,southeast,18088.06
52,male,34.2,1,no,southwest,10630.42
55,male,30.4,0,no,southeast,1640.94
45,female,37.8,3,no,northeast,5392.88
49,female,40.8,2,no,northeast,11749.05
34,female,36.0,0,no,southwest,1919.93
60,female,25.8,0,no,southwest,17342.98
19,female,32.1,0,yes,northwest,34888.94
41,male,30.8,1,no,northwest,18973.89
57,male,27.3,0,no,northwest,14249.8
38,male,17.3,3,yes,southeast,37723.07
27,female,25.1,0,yes,southwest,49483.9
34,female,27.9,0,no,northeast,24041.73
21,male,21.9,4,no,northwest,6045.85
30,female,37.2,0,no,northeast,5251.12
36,male,26.6,4,no,northeast,2735.76
33,male,40.1,0,no,southwest,5726.28
37,female,32.1,3,no,northwest,10122.68
39,female,26.2,2,no,northwest,8851.19
35,female,25.8,1,no,northwest,5634.92
35,female,29.9,0,no,southeast,12336.02
34,female,25.6,1,no,northwest,7688.98
62,male,31.4,0,no,northwest,21701.84
36,male,32.4,2,no,northeast,5651.62
60,male,23.8,3,no,southeast,3890.66
42,male,30.1,2,no,southwest,10187.14
37,male,31.3,1,no,southeast,6024.1
55,female,24.6,0,no,southwest,10912.84
42,female,23.1,1,yes,northwest,17301.09
48,female,28.3,0,no,southwest,8821.5
60,female,24.6,2,no,northwest,11881.77
23,male,38.2,1,yes,southwest,35779.03
53,female,41.9,2,no,northeast,4715.01
50,female,28.3,0,no,northwest,8839.3
58,male,35.0,1,no,northeast,36090.28
61,male,23.3,1,no,northwest,3891.51
32,male,33.1,2,no,northeast,9931.91
44,male,23.7,3,yes,southwest,26600.01
57,male,40.3,1,no,northeast,4079.74
19,male,30.3,3,yes,southeast,39217.03
18,male,30.7,0,no,northeast,2185.18
19,female,22.3,3,no,northwest,1753.48
28,female,33.6,0,no,southwest,4574.41
55,female,36.5,0,no,northwest,12923.37
49,male,23.6,0,no,southeast,5255.13
31,female,29.6,1,no,southeast,4940.88
45,female,32.8,1,no,northeast,6388.16
58,male,35.4,2,no,southeast,12279.91
37,male,40.8,1,no,southwest,11624.65
32,female,33.3,1,no,southwest,4190.86
52,female,43.4,2,no,southeast,4208.28
25,male,20.4,3,yes,northeast,43747.32
57,male,35.2,0,no,northeast,4452.96
47,male,30.0,0,no,southwest,12008.06
21,male,20.7,0,no,northwest,7543.51
54,male,37.0,1,no,northeast,8109.88
29,male,32.5,0,no,northeast,3406.15
28,female,28.2,0,yes,southwest,17776.92
62,female,46.5,1,no,northeast,14912.91
50,male,39.7,0,no,southwest,1932.18
64,female,26.9,0,yes,northwest,29168.41
48,male,34.6,1,no,southwest,7181.02
29,male,37.2,2,no,northwest,4419.12
54,male,28.2,0,no,northwest,4572.73
62,male,29.8,1,no,northwest,12800.18
57,male,31.1,1,no,southeast,4712.1
28,female,27.6,2,no,northwest,4180.17
56,female,34.4,0,no,southwest,10427.81
51,female,25.6,1,no,northwest,3408.71
51,male,29.5,1,no,northeast,5486.29
61,male,25.4,1,no,northeast,8607.89
30,female,40.8,0,no,southeast,5309.47
22,male,30.0,0,no,northeast,1731.48
24,female,26.7,0,no,northwest,1609.96
50,female,34.3,2,yes,southeast,20174.81
27,male,28.4,0,no,southeast,28407.29
23,male,27.5,5,yes,northwest,26238.02
50,male,33.9,3,yes,northwest,32933.58
52,male,33.4,3,no,northeast,6375.25
40,female,29.5,1,no,southwest,1697.37
36,male,27.6,3,no,northeast,5327.39
21,female,32.8,2,no,southwest,7197.76
21,female,29.0,0,yes,northwest,20160.41
37,male,22.3,1,no,northwest,6739.23
24,male,38.5,1,no,southeast,3531.7
29,male,26.2,0,yes,northwest,18216.88
64,male,39.9,2,no,northwest,42421.32
35,male,37.3,1,no,northwest,7148.32
58,female,30.4,3,no,southwest,4266.93
23,male,39.9,0,no,northeast,2658.74
40,female,28.8,4,no,northwest,9715.08
47,male,33.9,3,no,northeast,14223.89
28,male,30.7,3,no,northwest,9951.19
56,female,32.6,1,no,northeast,8574.29
31,female,22.1,3,no,northeast,2883.0
49,female,34.8,0,no,southeast,4265.53
35,male,20.2,0,no,northwest,7033.96
47,male,32.8,1,yes,northeast,40979.78
28,female,25.6,0,no,northwest,29859.07
27,female,36.0,0,no,southwest,1673.08
30,male,27.0,1,no,southeast,4753.69
62,male,26.2,1,yes,southwest,38180.43
29,male,34.3,2,no,southwest,10502.65
25,female,25.3,0,no,southwest,5335.32
33,female,34.8,0,no,southeast,7163.64
19,male,36.9,0,no,southeast,1627.68
18,female,24.1,0,yes,southeast,2003.53
34,female,29.0,2,no,southwest,8557.91
19,female,23.1,0,no,southeast,2884.79
19,female,30.1,0,no,southwest,1153.63
22,male,26.2,0,yes,southeast,23000.84
30,female,24.3,3,yes,southeast,17705.7
18,female,27.1,0,no,northeast,12053.57
50,female,44.4,0,yes,southeast,27503.55
30,male,31.1,0,yes,northeast,18958.9
22,male,34.4,4,no,southwest,9263.45
46,female,27.1,2,no,southwest,6857.45
49,male,28.7,1,no,southwest,4263.47
29,male,28.4,0,yes,northwest,45587.0
33,male,31.5,1,yes,northwest,40031.01
23,male,31.9,0,yes,southwest,31301.15
30,male,31.3,0,no,southeast,5461.42
48,male,22.2,1,no,northwest,8626.82
39,male,46.4,0,no,southeast,6110.75
59,male,30.8,1,no,northwest,12246.25
32,male,34.1,1,no,southwest,12261.34
23,male,39.4,0,yes,southeast,37275.79
64,male,20.0,0,yes,southwest,17309.11
38,female,29.8,1,no,northwest,6434.51
39,female,17.3,3,no,southwest,5375.94
59,male,27.8,2,no,southwest,12460.94
23,male,32.7,0,no,southeast,5524.51
54,female,37.0,0,no,southwest,4403.8
58,male,28.8,0,yes,southwest,4145.88
59,female,23.8,2,no,southwest,8571.14
30,male,27.1,3,no,northwest,4143.11
21,female,36.4,0,no,southwest,9733.55
50,female,26.9,0,no,southwest,9964.83
52,female,20.9,2,yes,southeast,32672.05
53,female,31.8,0,yes,northeast,5597.01
57,female,43.6,3,no,northeast,13300.83
58,male,33.5,1,no,southwest,11664.01
41,male,24.7,1,no,southwest,6548.16
20,male,39.2,0,no,southeast,31677.19
33,female,39.0,2,no,southeast,9950.95
22,male,27.9,1,no,northeast,5796.95
55,male,33.4,0,no,southeast,1719.28
49,male,26.2,1,yes,northeast,20513.86
21,female,38.1,0,no,southeast,6793.49
46,female,24.9,4,no,southwest,11136.19
40,female,43.8,1,no,northeast,6298.73
24,male,41.6,2,no,southwest,3182.54
48,female,32.8,2,no,southwest,8706.58
61,female,29.1,3,yes,northwest,40871.05
60,male,31.6,3,no,southeast,12518.81
62,female,17.3,0,no,southeast,12058.4
19,male,28.3,3,no,northwest,16330.0
41,male,17.4,2,no,southeast,6255.48
50,female,32.7,3,no,northeast,3077.16
31,female,31.8,3,no,southeast,11400.73
39,male,45.9,4,no,southwest,5521.78
33,male,33.8,3,no,northwest,6525.89
37,female,34.4,0,no,northwest,2582.25
64,male,29.0,0,yes,southeast,27418.64
32,male,33.9,0,no,northwest,25007.77
18,male,33.0,1,no,southeast,1722.23
35,male,36.4,3,yes,northwest,44010.28
57,male,27.1,2,no,southwest,11874.63
28,male,26.2,3,yes,northeast,18090.93
51,female,27.9,0,no,northeast,1516.73
45,male,36.8,1,no,northwest,16910.43
41,male,24.3,3,yes,northeast,19894.53
26,female,46.9,1,no,northeast,2698.23
29,male,33.5,0,yes,northeast,35071.52
48,female,30.2,2,no,southeast,7639.62
49,male,34.8,1,no,northeast,6795.0
55,male,32.8,2,no,northwest,6756.09
54,female,37.8,0,no,northeast,18639.18
21,female,39.7,2,yes,southwest,38335.35
39,female,23.3,0,no,southeast,3168.83
23,female,29.0,1,no,southwest,1880.04
43,male,35.3,1,no,southeast,10485.47
41,male,25.8,2,no,northeast,4621.15
41,female,27.4,1,no,northwest,6334.12
38,female,43.0,3,no,northeast,3106.49
26,female,23.8,0,no,northeast,9821.63
62,male,24.7,1,no,southwest,10445.75
20,female,33.6,0,no,northwest,8743.18
61,male,24.8,0,no,southwest,10317.38
40,male,46.5,1,no,northeast,2097.49
19,male,35.2,1,no,northeast,1426.25
24,male,33.8,1,yes,northwest,48045.39
22,male,33.3,2,no,northeast,4412.66
49,male,35.9,1,no,southeast,5569.69
24,female,26.8,0,no,southeast,1741.72
28,female,28.4,2,no,northeast,6510.18
48,male,42.9,1,no,northeast,6446.75
30,male,32.0,2,yes,southeast,44751.58
22,female,30.8,1,no,southeast,9356.83
45,male,34.5,0,no,northeast,11405.96
45,female,25.7,3,no,northeast,6789.88
31,male,23.2,0,yes,northeast,21506.04
64,female,27.1,0,yes,southwest,27501.77
23,male,39.6,0,no,northwest,18144.22
31,female,36.7,3,no,northwest,2161.26
36,female,21.9,0,no,northeast,12374.77
51,male,39.6,2,no,northeast,10314.84
47,male,32.9,0,no,northwest,4761.79
61,female,25.2,0,no,northeast,14387.91
44,female,19.7,2,no,southwest,7027.95
28,female,26.2,2,no,northwest,12308.45
44,male,27.0,2,no,southeast,9432.18
59,male,28.1,0,no,southeast,12916.46
62,male,29.6,0,no,southwest,6709.37
59,female,35.7,3,no,northwest,9362.7
30,male,33.7,1,yes,southeast,26340.78
49,female,17.4,1,no,northeast,2727.07
41,male,29.8,5,no,northwest,11641.92
28,male,29.4,0,no,northwest,3857.18
51,female,39.2,1,no,northwest,8323.77
30,female,31.1,1,no,southeast,3482.09
47,male,30.6,3,no,northwest,1817.55
64,male,27.0,1,no,northeast,6915.32
64,male,34.1,0,no,southeast,25790.33
49,male,30.8,0,no,northwest,10088.07
62,male,30.0,0,yes,northwest,36738.47
54,male,45.2,0,yes,southeast,33918.96
33,male,27.6,0,no,southeast,5382.19
40,male,36.4,1,no,southwest,6072.37
61,male,31.1,1,yes,northeast,15228.69
48,male,26.0,1,no,northwest,8739.8
24,male,26.4,0,no,northeast,17062.59
31,male,23.7,2,no,northwest,8251.78
36,male,42.6,1,yes,southeast,49441.66
50,female,46.9,0,no,southeast,10923.64
18,male,37.1,3,yes,northwest,41235.43
55,female,39.8,0,no,southwest,10757.13
48,male,22.3,2,yes,northwest,21621.0
44,male,17.4,2,no,northeast,3465.36
60,female,25.3,0,no,northwest,10974.75
60,male,34.2,1,no,southeast,2696.48
39,male,33.3,2,no,northwest,3477.21
22,female,22.5,2,no,northeast,7768.31
18,female,22.6,0,no,northeast,4252.87
33,female,30.4,0,yes,northeast,38539.04
50,female,26.0,0,no,southwest,7286.84
24,male,17.4,0,no,northeast,1664.29
57,male,34.7,1,yes,southeast,48984.22
18,male,34.4,0,no,southeast,1241.63
19,male,37.0,0,yes,northwest,34718.39
50,female,34.8,0,no,northwest,40731.0
52,male,32.1,1,no,southwest,4151.67
60,male,37.1,3,no,southeast,6068.89
64,male,42.5,2,no,southeast,12337.39
56,female,31.4,1,no,southeast,11184.15
19,male,32.6,0,no,southwest,1605.85
58,male,22.8,0,no,northwest,11293.59
39,female,27.8,3,yes,northwest,18930.38
48,male,35.6,1,no,northeast,9102.85
24,male,34.3,0,yes,southeast,34675.26
32,male,20.8,3,yes,southwest,16574.03
21,female,34.8,5,yes,southeast,23964.84
19,male,26.4,0,no,northeast,1618.51
58,male,30.0,2,no,southwest,17089.0
40,female,32.3,0,no,northwest,2024.04
20,male,30.6,0,yes,northwest,44131.71
58,male,23.3,1,no,northeast,11772.01
19,male,30.8,0,no,northwest,1677.87
21,male,31.3,3,no,northeast,7194.22
36,female,36.9,0,no,northwest,2218.7
57,male,31.1,0,yes,southeast,49772.06
31,female,47.7,0,no,southwest,3862.67
43,male,38.2,0,yes,southwest,44567.47
44,female,28.1,3,no,northeast,12171.31
45,female,40.4,1,no,southeast,13936.77
49,male,33.4,2,no,northwest,9864.07
42,male,37.2,1,no,southeast,4589.89
30,female,33.3,0,no,northeast,1613.89
32,male,36.9,2,no,northwest,4549.52
18,female,26.0,0,no,southeast,3953.21
32,female,25.5,0,no,southeast,3847.31
41,female,28.2,0,no,northeast,15709.23
32,male,24.3,4,no,northwest,12123.7
42,female,21.2,0,no,southeast,10425.96
22,female,34.6,1,no,southeast,9272.34
37,female,35.2,2,yes,northeast,37401.21
31,female,27.4,1,yes,northwest,20023.87
41,male,24.1,2,no,northeast,9739.14
53,male,34.1,3,yes,southeast,39994.0
33,male,29.0,1,no,northwest,5246.2
45,male,33.3,3,no,southwest,11292.0
25,female,42.0,0,no,northwest,3170.9
57,male,33.2,3,no,southwest,7509.46
42,female,35.9,2,no,southwest,8242.01
38,male,17.4,1,yes,southeast,24048.17
36,male,27.1,0,no,northwest,2093.62
24,female,27.2,3,yes,southwest,48768.01
25,female,28.4,0,no,northeast,2154.03
39,male,35.3,2,no,northwest,5342.29
21,female,22.9,0,yes,southeast,18624.24
64,female,35.0,0,no,southeast,13811.37
54,male,39.1,0,no,southwest,5207.72
22,male,40.1,1,no,southeast,4220.1
42,male,20.4,1,no,southwest,8555.76
37,female,31.3,3,no,northeast,10107.61
61,female,34.2,1,no,southwest,13472.2
49,male,35.0,1,no,northwest,9186.74
23,male,25.8,1,no,southeast,8597.99
27,female,31.5,0,no,southwest,14184.55
